src_port,dst_port,packet_size,duration_ms,protocol,description
6666,65480,1226,366,TCP,"Based on the provided network traffic data, I've identified a potential anomaly:

**Anomaly Type:** Suspicious TCP Connection

**Reason:**

* The source port (6666) is an unusual and non-standard port for most legitimate applications. This port is often associated with malicious activities, such as Trojan horses or backdoors.
* The packet size (1226) is relatively large, which could indicate a potential data exfiltration or command-and-control (C2) communication.
* The duration of the connection (366 ms) is relatively short, which might suggest a quick data transfer or a probing attempt.

**Possible Cause:**

A possible cause of this anomaly could be a malware or a backdoor attempting to communicate with its command-and-control server, potentially exfiltrating sensitive data or receiving malicious instructions. It's essential to investigate this traffic further to determine the root cause and take appropriate remediation actions."
8080,21763,154,479,TCP,"Based on the provided network traffic data, I've identified a potential anomaly:

**Anomaly Type:** Unusual Destination Port

**Reason:** The destination port 21763 is not a commonly used port for standard network services. Most network services use well-known ports (0-1023) or registered ports (1024-49151). The use of a high, unassigned port like 21763 may indicate a potential anomaly.

**Possible Cause:** This could be a sign of a malware or a backdoor communication attempt, where the attacker is using a non-standard port to evade detection by traditional security controls. Alternatively, it could be a misconfigured application or a legitimate but unusual service using this port.

Further investigation is recommended to determine the root cause and potential impact of this anomaly."
8080,64117,1466,475,UDP,"Based on the provided network traffic data, I've identified a potential anomaly:

**Anomaly Type:** Suspicious UDP Traffic

**Reasoning:**

1. **Uncommon destination port**: The destination port 64117 is not a well-known port associated with standard network services. This could indicate a potential attempt to communicate with a malicious or unauthorized service.
2. **Large packet size**: The packet size of 1466 bytes is relatively large for UDP traffic, which may suggest an attempt to exfiltrate data or send malicious payloads.
3. **Long duration**: The duration of 475 milliseconds is longer than typical UDP transactions, which could indicate a slow and deliberate data transfer.

**Possible Cause:**

A possible cause of this anomaly is a **Data Exfiltration attempt**. An attacker might be using UDP to transfer sensitive data from the network to a command and control (C2) server or a malicious destination. The large packet size and long duration could be indicative of a slow and stealthy data transfer to avoid detection.

**Recommendation:**

Further investigation is necessary to determine the legitimacy of this traffic. I recommend:

1. Inspecting the packet contents to identify any suspicious patterns or data.
2. Analyzing the source and destination IP addresses to determine if they are associated with known malicious entities.
3. Implementing additional security measures, such as traffic filtering or rate limiting, to prevent potential data exfiltration.

Please note that this is a preliminary analysis, and more data is required to confirm the anomaly and its cause."
8080,55274,490,421,UDP,"Based on the provided network traffic data, I've identified a potential anomaly:

**Anomaly Type:** Suspicious UDP Traffic

**Reasoning:**

1. **Uncommon destination port**: The destination port 55274 is not a well-known port associated with any standard network service. This could indicate a potential attempt to communicate with a malicious or unauthorized service.
2. **Large packet size**: The packet size of 490 bytes is relatively large for UDP traffic, which is typically used for small, connectionless datagrams. This could be an attempt to exfiltrate data or send malicious payloads.
3. **Short duration**: The duration of 421 milliseconds is relatively short, which might indicate a quick, targeted communication attempt rather than a legitimate network interaction.

**Possible Cause:**

A possible cause of this anomaly could be a **Command and Control (C2) communication** attempt by a malware or an attacker. The unusual destination port and large packet size might be indicative of a malicious actor trying to establish a covert communication channel with a compromised system or a command center.

It's essential to investigate this traffic further to determine the legitimacy of the communication and take appropriate measures to prevent potential security breaches."
1337,62344,261,476,TCP,"Based on the provided network traffic data, I've identified a potential anomaly:

**Anomaly Type:** Suspicious TCP Connection

**Reason:**

* Uncommon source port (1337): This port is not typically used for standard network services, and its usage may indicate a potential backdoor or malicious activity.
* Unusual destination port (62344): This port is not a well-known port for standard network services, which may suggest a custom or malicious communication channel.
* Packet size (261) and duration (476 ms) are within normal ranges, but the combination of unusual ports and protocol (TCP) raises suspicions.

**Possible Cause:**

A potential cause for this anomaly could be a malware or backdoor communication attempt, where the attacker is using a non-standard port to evade detection. This could be a sign of a compromised system or a targeted attack.

**Recommendation:**

Further investigation is necessary to determine the legitimacy of this connection. I recommend:

1. Inspecting the packet contents to identify any suspicious patterns or payloads.
2. Analyzing system logs to identify any related system calls or process executions.
3. Conducting a thorough system scan to detect any malware or backdoors.
4. Implementing additional security measures, such as intrusion detection systems (IDS) and firewalls, to block similar suspicious traffic."
9999,63036,1306,362,TCP,"Based on the provided network traffic data, I've identified a potential anomaly:

**Anomaly Type:** Suspicious TCP Connection

**Reason:**

* Unusual source port (9999): Typically, source ports are randomly assigned from the ephemeral port range (49152-65535). The use of 9999 as a source port is uncommon and may indicate a deliberate attempt to evade detection or exploit a specific vulnerability.
* Large packet size (1306 bytes): While not excessively large, this packet size is higher than average. In combination with the unusual source port, it may suggest an attempt to transfer malicious data or exploit a buffer overflow vulnerability.
* Unusual destination port (63036): This port is not commonly associated with standard network services. It may indicate an attempt to connect to a backdoor or a malicious service.

**Possible Cause:**

A possible cause of this anomaly is a malicious actor attempting to establish a command and control (C2) channel or exfiltrate data from the network. The unusual source port and packet size may be an attempt to evade detection by traditional security controls. The destination port suggests that the attacker may be trying to connect to a compromised system or a malicious server.

**Recommendation:**

Further investigation is necessary to determine the scope and intent of this anomaly. I recommend:

1. Inspecting the packet contents to identify any malicious payloads or patterns.
2. Analyzing network logs to identify any other suspicious connections or activities.
3. Conducting a thorough system audit to identify potential vulnerabilities or compromised systems.
4. Implementing additional security controls, such as intrusion detection systems (IDS) or next-generation firewalls (NGFWs), to detect and prevent similar anomalies in the future."
8080,6140,1077,496,UDP,"Based on the provided network traffic data, I've identified a potential anomaly:

**Anomaly Type:** Suspicious UDP Traffic

**Reasoning:**

1. **Uncommon destination port**: The destination port 6140 is not a well-known port associated with standard network services. This could indicate a potential attempt to communicate with a malicious or unauthorized service.
2. **Large packet size**: The packet size of 1077 bytes is relatively large for UDP traffic, which is typically used for small, connectionless datagrams. This could be an attempt to exfiltrate data or send malicious payloads.
3. **Long duration**: The duration of 496 milliseconds is longer than typical UDP transactions, which are usually brief and connectionless. This could indicate a sustained, unauthorized connection.

**Possible Cause:**

A possible cause of this anomaly is a malware or ransomware infection attempting to communicate with its command and control (C2) server or exfiltrate sensitive data. The unusual destination port and large packet size may be indicative of a custom or proprietary protocol used by the malware.

**Recommendation:**

Further investigation is necessary to determine the root cause of this anomaly. I recommend:

1. Inspecting the packet contents to identify any suspicious patterns or payloads.
2. Analyzing system logs to identify potential malware infections or unauthorized access.
3. Implementing additional security measures, such as traffic filtering or intrusion detection systems, to prevent similar anomalies in the future."
443,5361,5428,497,TCP,"Based on the provided network traffic data, I've identified a potential anomaly:

**Anomaly Type:** Unusual Destination Port

**Reason:** The destination port 5361 is not a commonly used port for standard TCP services. Typically, TCP ports 1-1023 are reserved for well-known services, and ports 1024-49151 are registered for specific applications. Port 5361 falls into the dynamic/private range (49152-65535), which is often used for temporary or custom applications.

**Possible Cause:** This anomaly could be indicative of a malicious activity, such as:

1. **Command and Control (C2) communication**: An attacker might be using a non-standard port to communicate with a compromised system or to exfiltrate data.
2. **Malware or Trojan activity**: The unusual port could be a sign of malware or a Trojan horse using a custom port to communicate with its command center.
3. **Unauthorized application or service**: A legitimate but unauthorized application or service might be using this port, potentially indicating a security policy violation.

To further investigate, I would recommend:

* Analyzing the packet contents to identify any suspicious patterns or data exfiltration.
* Checking system logs for any related events or errors.
* Verifying the legitimacy of the application or service using the unusual port.
* Implementing additional security measures, such as traffic filtering or intrusion detection systems, to monitor and block suspicious activity."
6666,60907,1071,342,TCP,"Based on the provided network traffic data, I've identified a potential anomaly:

**Anomaly Type:** Suspicious TCP packet size

**Reason:** The packet size of 1071 bytes is unusually large for a TCP packet. Typically, TCP packets are around 500-600 bytes in size. Such a large packet size could indicate a potential attempt to evade detection or exploit a vulnerability.

**Possible Cause:** This could be a sign of a buffer overflow attack or an attempt to exfiltrate sensitive data. The attacker might be trying to send a large amount of malicious data or exploit a vulnerability in the target system.

**Recommendation:** Further investigation is required to determine the legitimacy of this traffic. I suggest analyzing the packet contents, checking for any known vulnerabilities in the target system, and monitoring the traffic for any other suspicious patterns."
443,33880,2372,496,TCP,"Based on the provided network traffic data, I've identified a potential anomaly:

**Anomaly Type:** Unusual Destination Port

**Reason:** The destination port 33880 is not a commonly used port for standard TCP protocols. Typically, TCP ports above 32767 are reserved for ephemeral or dynamic ports, which are used for temporary or private services.

**Possible Cause:** This could be an indication of a malware or a backdoor communication attempt, where the attacker is using a non-standard port to evade detection. Alternatively, it could be a misconfigured application or a testing/debugging tool using an unusual port.

Recommendation: Further investigation is required to determine the legitimacy of this traffic. It's essential to analyze the packet contents, source and destination IP addresses, and the communication pattern to determine if this is a genuine anomaly or a false positive."
9999,63909,690,409,TCP,"Based on the provided network traffic data, I've identified a potential anomaly:

**Anomaly Type:** Suspicious TCP Connection

**Reason:**

* Unusual source port (9999): Typically, source ports are randomly assigned from the ephemeral port range (49152-65535). The use of 9999 as a source port is uncommon and may indicate a deliberate attempt to evade detection or exploit a specific vulnerability.
* Unusual destination port (63909): This port is not a commonly used port for standard TCP services. It may indicate a connection to a malicious or unauthorized service.
* Large packet size (690 bytes): While not excessively large, this packet size is higher than typical TCP packets. It could be an attempt to exfiltrate data or send malicious payloads.
* Short duration (409 ms): The brief connection duration may suggest a reconnaissance or probing attempt rather than a legitimate communication.

**Possible Cause:**

A possible cause of this anomaly is a malicious actor attempting to establish a covert command and control (C2) channel or exfiltrate sensitive data from the network. The unusual port numbers and packet size may be an attempt to evade detection by traditional security controls. Further investigation is recommended to determine the source and intent of this traffic."
8080,10649,1236,70,TCP,"Based on the provided network traffic data, I've identified a potential anomaly:

**Anomaly Type:** Unusual Port Combination

**Possible Cause:** Suspicious lateral movement or unauthorized access attempt

The anomaly is detected due to the unusual combination of source port 8080 (typically used for HTTP proxy or alternative HTTP port) and destination port 10649 (an uncommon, high-numbered port). This unusual port combination may indicate an attempt to bypass security controls or move laterally within the network.

This could be a sign of:

1. Malware or ransomware attempting to communicate with its command and control (C2) server.
2. An attacker trying to exploit a vulnerability or backdoor in a specific application.
3. Unauthorized access or lateral movement within the network.

Further investigation is recommended to determine the root cause and potential impact of this anomaly."
8080,13936,159,149,TCP,"Based on the provided network traffic data, I've identified a potential anomaly:

**Anomaly Type:** Suspicious TCP packet size and duration

**Reasoning:**

* The packet size of 159 bytes is relatively small for a TCP packet, which may indicate a scanning or probing attempt.
* The duration of 149 ms is also unusually short, suggesting a rapid connection establishment and teardown.

**Possible Cause:**

* This traffic pattern may be indicative of a TCP port scanning attack, where an attacker is attempting to identify open ports on the destination system. The small packet size and short duration could be an attempt to evade detection by traditional security controls.

Recommendation: Further investigation is warranted to determine the intent behind this traffic. It's essential to monitor the destination system for any signs of unauthorized access or malicious activity."
9999,63615,833,225,TCP,"Based on the provided network traffic data, I've identified a potential anomaly:

**Anomaly Type:** Suspicious TCP Connection

**Reason:**

* Unusual source port number (9999): Typically, source port numbers are randomly assigned from the ephemeral port range (49152-65535). The use of 9999 as a source port is uncommon and may indicate a deliberate attempt to evade detection or exploit a specific vulnerability.
* Large packet size (833 bytes): While not excessively large, this packet size is higher than typical TCP packet sizes. This could be indicative of a data exfiltration attempt or a malicious payload.
* Short duration (225 ms): The brief connection duration may suggest a scanning or probing activity, rather than a legitimate communication.

**Possible Cause:**

A potential cause for this anomaly could be a reconnaissance or scanning activity by an attacker, attempting to identify open ports or vulnerable services on the network. The unusual source port and large packet size may be an attempt to evade detection by traditional security controls. Further investigation is recommended to determine the intent and scope of this activity."
8080,4366,256,137,TCP,"Based on the provided network traffic data, I've identified a potential anomaly:

**Anomaly Type:** Unusual Port Combination

**Possible Cause:** Suspicious lateral movement or unauthorized access attempt

The anomaly is detected due to the uncommon combination of source port 8080 (typically used for HTTP proxy or alternative HTTP port) and destination port 4366 (not a well-known port). This unusual port pairing may indicate an attempt to bypass security controls or exploit a vulnerability.

Possible explanations include:

1. Lateral movement: An attacker might be using a compromised system to connect to another internal system on an unusual port, attempting to evade detection.
2. Unauthorized access: A malicious actor could be trying to access a service or application running on the destination port, which is not a standard or expected port for that service.

Further investigation is recommended to determine the root cause and potential impact of this anomaly."
8080,18475,1259,54,UDP,"Based on the provided network traffic data, I've identified a potential anomaly:

**Anomaly Type:** Suspicious UDP Traffic

**Reasoning:**

1. **Uncommon destination port**: The destination port 18475 is not a well-known port associated with standard network services. This could indicate a potential attempt to communicate with a malicious or unauthorized service.
2. **Large packet size**: The packet size of 1259 bytes is relatively large for UDP traffic, which is typically used for small, connectionless data transfers. This could be a sign of data exfiltration or unauthorized data transfer.
3. **Short duration**: The duration of 54 milliseconds is relatively short, which might indicate a quick, targeted communication attempt rather than a legitimate, prolonged connection.

**Possible Cause:**

A possible cause of this anomaly could be a malware or ransomware attempting to communicate with its command and control (C2) server to exfiltrate sensitive data or receive further instructions. The unusual destination port and large packet size may be indicative of a custom or proprietary communication protocol used by the malware.

**Recommendation:**

Further investigation is recommended to determine the source and intent of this traffic. This may involve:

1. Analyzing the source IP address and device to identify potential malware infections.
2. Inspecting the packet contents to identify any suspicious patterns or data.
3. Implementing additional security measures, such as blocking traffic to unknown destinations or restricting UDP traffic to specific, trusted sources."
8080,43747,973,50,UDP,"Based on the provided network traffic data, I've identified a potential anomaly:

**Anomaly Type:** Suspicious UDP Traffic

**Reasoning:**

1. **Uncommon destination port**: The destination port 43747 is not a well-known port associated with standard network services. This could indicate a potential attempt to communicate with a malicious or unauthorized service.
2. **Large packet size**: The packet size of 973 bytes is relatively large for UDP traffic, which is typically used for small, connectionless data transfers. This could be an attempt to exfiltrate data or send malicious payloads.
3. **Short duration**: The duration of 50 milliseconds is relatively short, which might indicate a scanning or probing activity rather than a legitimate communication.

**Possible Cause:**

A possible cause of this anomaly could be a reconnaissance attack, where an attacker is scanning the network for vulnerabilities or open ports to exploit. The large packet size and uncommon destination port might be an attempt to evade detection or to test the network's defenses.

**Recommendation:**

Further investigation is recommended to determine the source and intent of this traffic. It's essential to monitor the network for similar patterns and to implement additional security measures, such as traffic filtering or intrusion detection systems, to prevent potential attacks."
8080,34804,1485,115,TCP,"Based on the provided network traffic data, I've identified a potential anomaly:

**Anomaly Type:** Suspicious TCP packet size

**Reason:** The packet size of 1485 bytes is unusually large for a TCP packet, which typically ranges from 500-1000 bytes. This could indicate a potential attempt to evade detection or exploit a vulnerability.

**Possible Cause:** This anomaly might be caused by a malicious actor attempting to exfiltrate sensitive data or inject malware into the system. The large packet size could be an attempt to bypass security controls or evade detection by traditional signature-based intrusion detection systems.

Recommendation: Further investigation is required to determine the legitimacy of this traffic. I suggest analyzing the packet contents, checking for any suspicious patterns or known malicious indicators, and verifying the authenticity of the communication."
443,28940,8637,491,TCP,"Based on the provided network traffic data, I've identified a potential anomaly:

**Anomaly Type:** Suspicious TCP Connection

**Reason:**

* The destination port (28940) is a high-numbered, non-standard port, which is uncommon for legitimate traffic.
* The packet size (8637) is relatively large, indicating a potential data transfer or file upload/download.
* The duration of the connection (491 ms) is relatively short, which might suggest a brief, targeted interaction.

**Possible Cause:**

This anomaly could be indicative of a Command and Control (C2) communication or a data exfiltration attempt by a malicious actor. The use of a non-standard port and large packet size may be an attempt to evade detection by traditional security controls. Further investigation is recommended to determine the legitimacy of this connection and to identify potential security threats."
8080,1644,1423,225,UDP,"Based on the provided network traffic data, I've identified a potential anomaly:

**Anomaly Type:** Suspicious UDP Traffic

**Reasoning:**

1. **Uncommon destination port**: The destination port 1644 is not a well-known port associated with standard network services. This could indicate a potential attempt to communicate with a malicious or unauthorized service.
2. **Large packet size**: The packet size of 1423 bytes is relatively large for UDP traffic, which is typically used for small, connectionless data transfers. This could be a sign of data exfiltration or unauthorized data transfer.
3. **Short duration**: The duration of 225 milliseconds is relatively short, which might indicate a quick, targeted communication attempt rather than a legitimate, prolonged connection.

**Possible Cause:**

A possible cause of this anomaly could be a malware or ransomware attempting to communicate with its command and control (C2) server to exfiltrate sensitive data or receive further instructions. The unusual destination port and large packet size may be indicative of a custom or proprietary communication protocol used by the malware.

**Recommendation:**

Further investigation is recommended to determine the source and intent of this traffic. This may involve:

1. Analyzing the source IP address and device to identify potential malware infections.
2. Inspecting the packet contents to identify any suspicious patterns or data.
3. Implementing additional security measures, such as blocking traffic to unknown destinations or restricting UDP traffic to specific, trusted sources.

It is essential to promptly investigate and respond to this anomaly to prevent potential security breaches or data exfiltration."
8080,51524,300,136,TCP,"Based on the provided network traffic data, I've identified a potential anomaly:

**Anomaly Type:** Unusual TCP packet size

**Reason:** The packet size of 300 bytes is relatively large for a TCP packet, especially considering the source port 8080, which is commonly used for HTTP proxying or alternative HTTP ports. Typically, HTTP requests and responses are smaller, ranging from a few dozen to a few hundred bytes.

**Possible Cause:** This anomaly could be indicative of a potential data exfiltration attempt, where an attacker is using the HTTP protocol to transfer sensitive data out of the network. The large packet size might be an attempt to evade detection by traditional security controls.

**Recommendation:** Further investigation is necessary to determine the legitimacy of this traffic. I suggest analyzing the packet contents, inspecting the HTTP headers, and verifying the authenticity of the communication. Additionally, monitoring the network for similar patterns and implementing stricter packet size restrictions may help prevent future occurrences."
8080,64573,889,68,UDP,"Based on the provided network traffic data, I've identified a potential anomaly:

**Anomaly Type:** Suspicious UDP Traffic

**Reasoning:**

1. **Uncommon destination port**: The destination port 64573 is not a well-known port associated with standard network services. This could indicate a potential attempt to communicate with a malicious or unauthorized service.
2. **Large packet size**: The packet size of 889 bytes is relatively large for UDP traffic, which is typically used for small, connectionless data transfers. This could be a sign of data exfiltration or unauthorized data transfer.
3. **Short duration**: The duration of 68 milliseconds is relatively short, which might indicate a quick, targeted communication attempt rather than a legitimate, prolonged connection.

**Possible Cause:**

A possible cause of this anomaly could be a malware or ransomware attempting to communicate with its command and control (C2) server to exfiltrate sensitive data or receive further instructions. The unusual destination port and large packet size may be indicative of a custom or proprietary communication protocol used by the malware.

**Recommendation:**

Further investigation is recommended to determine the source and intent of this traffic. This may involve:

1. Analyzing the source IP address and device to identify potential malware infections.
2. Inspecting the packet contents to identify any suspicious patterns or data.
3. Implementing additional security measures, such as blocking traffic to unknown destinations or restricting UDP traffic to specific, trusted sources."
8080,3156,805,404,TCP,"Based on the provided network traffic data, I've identified a potential anomaly:

**Anomaly Type:** Unusual Port Combination

**Possible Cause:** Malicious activity, such as a backdoor or Command and Control (C2) communication.

**Reasoning:**

* The source port 8080 is commonly used for HTTP proxying or alternative HTTP ports, but it's unusual to see it paired with a destination port like 3156, which is not a well-known port for standard services.
* The combination of these ports may indicate a malicious actor is using a non-standard port to communicate with a compromised system or a C2 server.
* The packet size (805 bytes) and duration (404 ms) are not inherently suspicious, but they could be indicative of data exfiltration or command transmission.

To further investigate, I would recommend:

1. Analyzing the packet contents to identify any suspicious patterns or data.
2. Checking system logs for any related activity or connections to the destination IP address.
3. Implementing additional monitoring and filtering rules to detect similar traffic patterns.

Please note that this is a preliminary analysis, and further investigation is required to confirm the anomaly and determine the root cause."
8080,23294,1332,69,UDP,"Based on the provided network traffic data, I've identified a potential anomaly:

**Anomaly Type:** Suspicious UDP Traffic

**Reasoning:**

1. **Uncommon destination port**: The destination port 23294 is not a well-known port associated with standard network services. This could indicate a potential attempt to communicate with a malicious or unauthorized service.
2. **Large packet size**: The packet size of 1332 bytes is relatively large for UDP traffic, which is typically used for small, connectionless data transfers. This could be an attempt to exfiltrate data or send malicious payloads.
3. **Short duration**: The duration of 69 milliseconds is relatively short, which might indicate a scanning or probing activity rather than a legitimate communication.

**Possible Cause:**

A possible cause of this anomaly could be a reconnaissance attack, where an attacker is scanning the network for vulnerabilities or open ports to exploit. The large packet size and uncommon destination port might be an attempt to evade detection or to test the network's defenses.

**Recommendation:**

Further investigation is recommended to determine the source and intent of this traffic. It's essential to monitor the network for similar patterns and to implement additional security measures, such as traffic filtering or intrusion detection systems, to prevent potential attacks."
8080,5594,159,498,UDP,"Based on the provided network traffic data, I've identified a potential anomaly:

**Anomaly Type:** Suspicious UDP Traffic

**Reasoning:**

1. **Uncommon destination port**: The destination port 5594 is not a well-known port associated with standard network services. This could indicate a potential attempt to communicate with a malicious or unauthorized service.
2. **Large packet size**: The packet size of 159 bytes is relatively large for UDP traffic, which is typically used for small, connectionless datagrams. This could be an attempt to exfiltrate data or send malicious payloads.
3. **Long duration**: The duration of 498 milliseconds is longer than expected for a typical UDP transaction, which is usually measured in microseconds. This could indicate a slow and deliberate data transfer.

**Possible Cause:**

A possible cause of this anomaly is a **Data Exfiltration attempt**. An attacker might be using UDP to transfer sensitive data from the network to a command and control (C2) server or a malicious endpoint. The large packet size and long duration could be indicative of a slow and stealthy data transfer to avoid detection.

**Recommendation:**

Further investigation is recommended to determine the source and intent of this traffic. Network administrators should:

1. Inspect the packet contents to identify any suspicious patterns or data.
2. Analyze the source IP address and device to determine if it's a compromised host or a legitimate system.
3. Implement additional security measures, such as traffic filtering or intrusion detection systems, to prevent similar anomalies in the future."
8080,5866,951,197,UDP,"Based on the provided network traffic data, I've identified a potential anomaly:

**Anomaly Type:** Unusual UDP packet size

**Reasoning:**

* The packet size of 951 bytes is larger than the typical UDP packet size, which is usually around 512-1024 bytes.
* UDP is commonly used for real-time applications, such as DNS, DHCP, or online gaming, which typically don't require large packet sizes.

**Possible Cause:**

* A potential cause for this anomaly could be a UDP-based malware or a reconnaissance attempt, such as a UDP flood attack or a scan for open UDP ports. This could be an attempt to exploit a vulnerability or to overwhelm the system with traffic.

**Recommendation:**

* Further investigation is required to determine the source and intent behind this traffic. I recommend analyzing the traffic patterns, source IP addresses, and destination IP addresses to identify any potential malicious activity. Additionally, consider implementing rate limiting or traffic filtering rules to prevent potential UDP-based attacks."
9999,62750,344,55,TCP,"Based on the provided network traffic data, I've identified a potential anomaly:

**Anomaly Type:** Suspicious Port Activity

**Reason:** The destination port (62750) is a high-numbered, non-standard port, which is uncommon for legitimate traffic. This could indicate a potential attempt to establish a backdoor or communicate with a malicious actor.

**Possible Cause:** A malware or a rogue application might be trying to exfiltrate data or receive commands from a command and control (C2) server, using a non-standard port to evade detection.

Recommendation: Further investigation is required to determine the legitimacy of the traffic. Monitor the traffic flow, inspect packet contents, and analyze system logs to identify the source of the traffic and potential malicious activity."
8080,42982,1416,419,TCP,"Based on the provided network traffic data, I've identified a potential anomaly:

**Anomaly Type:** Suspicious TCP Connection

**Reason:**

* The destination port (42982) is a high-numbered, non-standard port, which is uncommon for legitimate traffic. Typically, well-known ports are used for standard services (e.g., 80 for HTTP, 443 for HTTPS).
* The packet size (1416) is relatively large, which could indicate a potential data exfiltration or unauthorized data transfer attempt.
* The duration of the connection (419 ms) is relatively short, which might suggest a quick, covert data transfer or a reconnaissance attempt.

**Possible Cause:**

A possible cause for this anomaly could be a malicious actor attempting to establish a covert channel for data exfiltration or command and control (C2) communication. The use of a non-standard port and large packet size may be an attempt to evade traditional security controls. Further investigation is recommended to determine the legitimacy of this connection and potential security risks."
9999,63089,1113,470,TCP,"Based on the provided network traffic data, I've identified a potential anomaly:

**Anomaly Type:** Suspicious TCP Connection

**Reason:**

* Unusual source port (9999): Typically, source ports are randomly assigned from the ephemeral port range (49152-65535). The use of 9999 as a source port is uncommon and may indicate a deliberate attempt to evade detection or exploit a specific vulnerability.
* Large packet size (1113 bytes): While not excessively large, this packet size is higher than average. This could be indicative of a data exfiltration attempt or a malicious payload being transmitted.
* Unusual destination port (63089): This port is not commonly associated with standard network services. It may be a sign of a backdoor or a command and control (C2) channel.

**Possible Cause:**

A possible cause of this anomaly is a malware infection or a targeted attack, where an attacker is attempting to establish a covert communication channel with a command and control server. The unusual source and destination ports, combined with the larger-than-average packet size, suggest that this connection may be malicious in nature.

**Recommendation:**

Further investigation is necessary to determine the scope and intent of this connection. I recommend:

1. Inspecting the packet contents to identify any suspicious patterns or payloads.
2. Analyzing the endpoint's system logs to detect any signs of malware or unauthorized access.
3. Blocking the suspicious connection and monitoring for similar attempts to establish communication.

By taking these steps, you can help prevent potential security breaches and protect your network from malicious activities."
